ID,Supplier name,Document Date,Document Type,Total with Tax,Currency of Document,Paid,Entry Code
1059278,קוסט פורר גבאי את קסירר,03/07/2018,INVOICE,42318.9,ILS,,"חס - מע""מ מלא"
1059280,"אי.אר.בי. פיננשל גרופ בע""מ",24/07/2018,INVOICE,48087,ILS,Paid,"חס - מע""מ מלא"
1059282,Amazon.com,27/07/2018,OTHER,1323.94,USD,,"מע""מ 0%"
1059337,Google Inc.,06/07/2018,OTHER,8,ILS,Paid,"מע""מ 0%"
1059338,Google Inc.,20/07/2018,OTHER,7.6,ILS,Paid,"מע""מ 0%"
1059339,Google Inc.,14/07/2018,OTHER,7.6,ILS,Paid,"מע""מ 0%"
1059340,Google Inc.,07/07/2018,OTHER,8,ILS,Paid,"מע""מ 0%"
1059343,Google Inc.,06/07/2018,OTHER,8,ILS,Paid,"מע""מ 0%"
1059348,Google Inc.,28/07/2018,OTHER,7.6,ILS,Paid,"מע""מ 0%"
1059349,Google Inc.,27/07/2018,OTHER,8,ILS,Paid,"מע""מ 0%"
1059350,Google Inc.,06/07/2018,OTHER,8,ILS,Paid,"מע""מ 0%"
1059351,Google Inc.,04/07/2018,OTHER,8,ILS,Paid,"מע""מ 0%"
1059356,Google Inc.,26/07/2018,OTHER,39,ILS,Paid,"מע""מ 0%"
1059359,Google Inc.,13/07/2018,OTHER,8,ILS,Paid,"מע""מ 0%"
1059362,Google Inc.,21/07/2018,OTHER,7.6,ILS,Paid,"מע""מ 0%"
1059367,iBasis Netherlands B.V,09/07/2018,INVOICE,8265.86,USD,Unknown,"מע""מ 0%"
1059369,Google Inc.,24/07/2018,OTHER,8,ILS,Paid,"מע""מ 0%"
1059370,iBasis Netherlands B.V,16/07/2018,INVOICE,8716.06,USD,Unknown,"מע""מ 0%"
1059373,Google Inc.,10/07/2018,OTHER,8,ILS,Paid,"מע""מ 0%"
1059380,iBasis Netherlands B.V,30/07/2018,INVOICE,10136.05,USD,Unknown,"מע""מ 0%"
1059381,Kaktus telecom limited,02/07/2018,INVOICE,1978.83,USD,Unknown,"מע""מ 0%"
1059385,Kaktus telecom limited,23/07/2018,INVOICE,2644.31,USD,Unknown,"מע""מ 0%"
1059386,Kaktus telecom limited,16/07/2018,INVOICE,1971.81,USD,Unknown,"מע""מ 0%"
1059387,Mailchimp ,13/07/2018,RECEIPT,20,USD,Paid,"מע""מ 0%"
1059388,Kaktus telecom limited,09/07/2018,INVOICE,1888,USD,Paid,"מע""מ 0%"
1059389,Mailchimp ,09/07/2018,RECEIPT,95,USD,Paid,"מע""מ 0%"
1059395,Kaktus telecom limited,30/07/2018,INVOICE,2604.14,USD,Unknown,"מע""מ 0%"
1059396,iBasis Netherlands B.V,23/07/2018,INVOICE,9246.51,USD,Unknown,"מע""מ 0%"
1059398,"IDT Domestic Telecom, Inc.",10/07/2018,RECEIPT,10000,USD,Paid,פ
1059406,Mailchimp ,27/07/2018,RECEIPT,20,USD,Paid,"מע""מ 0%"
1059407,MET international,12/07/2018,RECEIPT,5712,USD,Paid,"מע""מ 0%"
1059409,M2 מחשבים,03/07/2018,INVOICE,1000,ILS,Paid,"חס - מע""מ מלא - תשומות ציוד"
1059416,LeaseWeb Netherlands B.V,01/07/2018,INVOICE,678.65,USD,Unknown,"מע""מ 0%"
1059417,Mailchimp ,03/07/2018,OTHER,20,USD,Paid,"מע""מ 0%"
1059418,I.T.C. IP Technologies Ltd,09/07/2018,RECEIPT,2887.06,ILS,Paid,"חס - מע""מ מלא"
1059419,I.T.C. IP Technologies Ltd,22/07/2018,INVOICE,3124.84,ILS,Paid,"חס - מע""מ מלא"
1059425,IP Telecom Bulgaria LTD,12/07/2018,INVOICE,700,USD,Paid,"מע""מ 0%"
1059427,Mailchimp ,19/07/2018,RECEIPT,20,USD,Paid,"מע""מ 0%"
1059428,Keymetrics,02/07/2018,INVOICE,65,USD,Paid,"מע""מ 0%"
1059431,"IDT Domestic Telecom, Inc.",27/07/2018,RECEIPT,20000,USD,Paid,"מע""מ 0%"
1059507,tax-re החזרי מס ,30/07/2018,INVOICE,1162.3,ILS,Paid,"חס - מע""מ מלא"
1059508,"ארגוקום בע""מ",01/07/2018,INVOICE,384,ILS,,"חס - מע""מ מלא - תשומות ציוד"
1059510,Xero (NZ) Ltd,09/07/2018,INVOICE,40,USD,,"מע""מ 0%"
1059514,telemondo PTE.LTD ,31/07/2018,INVOICE,10168.65,USD,,"מע""מ 0%"
1059515,"ארגוקום בע""מ",25/07/2018,INVOICE,3452,ILS,,"חס - מע""מ מלא - תשומות ציוד"
1059518,telemondo PTE.LTD ,31/07/2018,INVOICE,2004.65,USD,,"מע""מ 0%"
1059519,opensips,04/07/2018,INVOICE,3000,USD,Unknown,"מע""מ 0%"
1059521,telemondo PTE.LTD ,15/07/2018,INVOICE,6328.88,USD,,"מע""מ 0%"
1059522,PICREEL LTD,07/08/2018,RECEIPT,69,USD,Paid,"חס - מע""מ מלא"
1059525,Ventatel Limited,02/07/2018,INVOICE,76454.2,USD,,"מע""מ 0%"
1059528,"אינטרספייס בע""מ",01/07/2018,INVOICE,1045.4,ILS,,"חס - מע""מ מלא"
1059529,telemondo PTE.LTD ,15/07/2018,INVOICE,1649.32,USD,,"מע""מ 0%"
1059531,TollFreeForwarding.com ,31/07/2018,INVOICE,1506.66,USD,Paid,"מע""מ 0%"
1059532,"אפיק מוצרי הדפסה בע""מ",17/07/2018,INVOICE,597,ILS,,"חס - מע""מ מלא"
1059534,"Palo Alto Software, Inc.",16/07/2018,OTHER,19.95,USD,Paid,"מע""מ 0%"
1059536,Wiservice.co.il,29/07/2018,INVOICE,209.1,ILS,Unknown,"חס - מע""מ מלא"
1059537,Voxbone SA ,02/07/2018,INVOICE,6412.85,USD,,"מע""מ 0%"
1059542,"אודריקום בע""מ",10/07/2018,INVOICE,255.7,ILS,Unknown,"חס - מע""מ מלא"
1059543,אסי מוסך מהיר,19/07/2018,INVOICE,700,ILS,Paid,"חס - 1/4 מע""מ"
1059544,Voxbone SA ,05/06/2018,RECEIPT,20000,USD,Paid,"מע""מ 0%"
1059547,Ventatel Limited,01/07/2018,INVOICE,3119.9,USD,Paid,"מע""מ 0%"
1059550,Unfuddle LLC,20/07/2018,RECEIPT,69,USD,Paid,"מע""מ 0%"
1059553,"ארגוקום בע""מ",05/07/2018,INVOICE,4493,ILS,Unknown,"חס - מע""מ מלא - תשומות ציוד"
1059554,"ארגוקום בע""מ",01/07/2018,INVOICE,9477,ILS,Unknown,"חס - מע""מ מלא - תשומות ציוד"
1059556,עיריית תל אביב יפו,08/07/2018,INVOICE,5858.22,ILS,Paid,"מע""מ 0%"
1059562,גיל חיים,31/07/2018,INVOICE,194,ILS,Unknown,"חס - מע""מ מלא"
1059565,"ארגוקום בע""מ",31/07/2018,INVOICE,1755,ILS,Paid,"חס - מע""מ מלא - תשומות ציוד"
1059570,"ג'מס מפעלי בירה בע""מ",02/07/2018,INVOICE,2717,ILS,Unknown,"מע""מ 0%"
1059573,"דאלאס מוצרי נייר בע""מ",18/07/2018,INVOICE,1188,ILS,Unknown,"חס - מע""מ מלא"
1059576,"ג'מס מפעלי בירה בע""מ",16/07/2018,INVOICE,1547,ILS,Paid,"מע""מ 0%"
1059580,גיא פורת,02/07/2018,RECEIPT,5314.31,ILS,Paid,"חס - מע""מ מלא"
1059582,גמלא ,31/07/2018,INVOICE,1562,ILS,,"חס - מע""מ מלא"
1059585,"גטר גרופ בע""מ",08/07/2018,INVOICE,12506.83,ILS,,"חס - מע""מ מלא"
1059587,"ביפר תקשורת בע""מ",26/07/2018,INVOICE,1535,ILS,,"חס - מע""מ מלא"
1059589,"גרובוט סמארטיק בע""מ",01/07/2018,INVOICE,1930.5,ILS,,"חס - מע""מ מלא"
1059591,"גב מערכות קול סנטר בע""מ",26/07/2018,INVOICE,861.71,ILS,,"חס - מע""מ מלא"
1059592,"בזק בינלאומי בע""מ",31/07/2018,INVOICE,281.34,ILS,Paid,"חס - מע""מ מלא"
1059594,"בזק החברה הישראלית לתקשורת בע""מ",25/07/2018,INVOICE,766.65,ILS,Paid,"חס - מע""מ מלא"
1059599,"ליסקאר רם בע""מ",11/07/2018,INVOICE,147.42,ILS,,"מע""מ 0%"
1059600, יורוטק טכנולוגיות ייצור ייבוא וייצוא בעמ,29/07/2018,INVOICE,139,ILS,,"חס - מע""מ מלא"
1059601,"זיג זג שרותי דיוור ולוגיסטיקה בע""מ",31/07/2018,INVOICE,3845.8,ILS,Paid,"חס - מע""מ מלא"
1059603,הוט טלקום שותפות מוגבלת,31/07/2018,INVOICE,1578.33,ILS,Paid,"חס - מע""מ מלא"
1059606,"ח.כ דלתא פתרונות פיננסיים בע""מ",30/07/2018,INVOICE,321.75,ILS,,"חס - מע""מ מלא"
1059607,י.מ שבירו שירותי ייעוץ,01/07/2018,INVOICE,1292,ILS,Paid,"חס - מע""מ מלא"
1059608,יורם אלמוג,04/07/2018,INVOICE,840,ILS,Paid,"חס - מע""מ מלא"
1059614,הוט טלקום שותפות מוגבלת,01/07/2018,INVOICE,333871.23,ILS,Paid,"חס - מע""מ מלא"
1059615,"ח.כ דלתא פתרונות פיננסיים בע""מ",08/07/2018,INVOICE,321.75,ILS,,"חס - מע""מ מלא"
1059616,"יוניסל פתרונות סלולאריים מתקדמים בע""מ",30/07/2018,INVOICE,35100,ILS,Unknown,"חס - מע""מ מלא"
1059617," וואן סמבה פתרונות מחישוב ותקשורת בע""מ",01/07/2018,INVOICE,1615,ILS,,"חס - מע""מ מלא"
1059622,הוט טלקום שותפות מוגבלת,31/07/2018,INVOICE,274.95,ILS,Paid,"חס - מע""מ מלא"
1059623,"ליסקאר רם בע""מ",22/07/2018,INVOICE,147.42,ILS,,"מע""מ 0%"
1059624,"רחיצת רמת אביב מס.1 בע""מ",18/07/2018,INVOICE,314.36,ILS,Paid,"חס - 1/4 מע""מ"
1059625,"גטר גרופ בע""מ",31/07/2018,INVOICE,3818.41,ILS,Unknown,"חס - מע""מ מלא"
1059629,"דלק מנטה קמעונאות דרכים בע""מ",23/07/2018,INVOICE,38.27,ILS,Paid,"חס - 1/4 מע""מ"
1059630,"הזעקה האחרונה שמירה ומיגון בע""מ",14/07/2018,INVOICE,61,ILS,,"חס - מע""מ מלא"
1059633,"י.פרל ושות' בע""מ",05/07/2018,INVOICE,9203,ILS,Paid,"חס - מע""מ מלא"
1059636,"ח.כ דלתא פתרונות פיננסיים בע""מ",08/07/2018,INVOICE,321.75,ILS,Paid,"חס - מע""מ מלא"
1059637,"טריפל סי מחשוב ענן בע""מ",19/07/2018,INVOICE,555,ILS,,"חס - מע""מ מלא"
1059638,"טמפו שווק (1981) בע""מ",03/07/2018,INVOICE,1263.55,ILS,Paid,"חס - מע""מ מלא"
1059639,"טמפו שווק (1981) בע""מ",22/07/2018,INVOICE,1263.55,ILS,Paid,"מע""מ 0%"
1059645,"הוט מובייל בע""מ",16/07/2018,INVOICE,566.2,ILS,,"חס - מע""מ מלא"
1059646,כוכבית פלוס *8077,01/07/2018,INVOICE,678.6,ILS,,"חס - מע""מ מלא"
1059647,"הוט מובייל בע""מ",13/06/2018,INVOICE,1743.3,ILS,,"חס - מע""מ מלא"
1059648,"הוט מובייל בע""מ",02/06/2018,INVOICE,3963.38,ILS,Unknown,"חס - מע""מ מלא"
1059669,"ליסקאר רם בע""מ",11/07/2018,INVOICE,10.99,ILS,,"מע""מ 0%"
1059670,"ליסקאר רם בע""מ",22/07/2018,INVOICE,9.85,ILS,,"מע""מ 0%"
1059675,"ליסקאר רם בע""מ",19/07/2018,INVOICE,1667.03,ILS,,"מע""מ 0%"
1059676,מאה הפקה והוצאה לאור ,10/07/2018,INVOICE,849,ILS,,"חס - מע""מ מלא"
1059679,"ליסקאר רם בע""מ",10/07/2018,INVOICE,1674.7,ILS,,"מע""מ 0%"
1059680,"לסה ויז'ן בע""מ",15/07/2018,INVOICE,398,ILS,,"חס - מע""מ מלא"
1059685,"ליסקאר רם בע""מ",11/07/2018,INVOICE,122.85,ILS,,"מע""מ 0%"
1059688,"ליסקאר רם בע""מ",19/07/2018,INVOICE,2567.55,ILS,Unknown,"מע""מ 0%"
1059691,"ליסקאר רם בע""מ",10/07/2018,INVOICE,1712.8,ILS,,"מע""מ 0%"
1059692,"לב המשרד בע""מ",31/07/2018,INVOICE,1470.95,ILS,Unknown,"חס - מע""מ מלא"
1059697,"ליסקאר רם בע""מ",22/07/2018,INVOICE,9.96,ILS,,"מע""מ 0%"
1059698,"מיטב ניקיון ואחזקה בע""מ",05/07/2018,INVOICE,1640.6,ILS,,"חס - מע""מ מלא"
1059699,"ליסקאר רם בע""מ",22/07/2018,INVOICE,49.14,ILS,,"מע""מ 0%"
1059700,"לסה ויז'ן בע""מ",29/07/2018,INVOICE,1556,ILS,,"חס - מע""מ מלא"
1059707,"מי אביבים 2010 בע""מ",29/07/2018,INVOICE,238.11,ILS,Paid,"חס - מע""מ מלא"
1059708,"מיטב ניקיון ואחזקה בע""מ",05/07/2018,INVOICE,5279.3,ILS,,"חס - מע""מ מלא"
1059709,"וויסנטר בע""מ",21/07/2018,INVOICE,490.37,ILS,,"חס - 2/3 מע""מ"
1059712,"מורנקס בע""מ",26/07/2018,INVOICE,1406,ILS,,"חס - מע""מ מלא"
1059713,סורטקס פתרונות אינטרנט מתקדמים ,31/07/2018,INVOICE,792.53,ILS,,"חס - מע""מ מלא"
1059714,סייל פי סי,12/07/2018,INVOICE,3620,ILS,Paid,"חס - מע""מ מלא - תשומות ציוד"
1059715,"מיננה בע""מ",17/07/2018,INVOICE,350,ILS,Paid,"מע""מ 0%"
1059721,"מודולו מערכות תקשורת בע""מ",18/06/2018,INVOICE,796,ILS,,"חס - מע""מ מלא - תשומות ציוד"
1059722,"פנגו פיי אנד גו בע""מ",26/07/2018,RECEIPT,25.77,ILS,,"חס - מע""מ מלא"
1059723,"ש.מ עתיד הנדסת תוכנה בע""מ",31/07/2018,INVOICE,3212,ILS,,"חס - מע""מ מלא"
1059727,"מי אביבים 2010 בע""מ",28/05/2018,INVOICE,184.28,ILS,Paid,פ
1059728,"רי-גו מרקטינג בע""מ",01/07/2018,INVOICE,4095,ILS,Paid,"חס - מע""מ מלא"
1059729,"ממסרית השקעות ופיננסים בע""מ",10/07/2018,INVOICE,7605,ILS,,"חס - מע""מ מלא"
1059730,"פנגו פיי אנד גו בע""מ",02/07/2018,RECEIPT,21,ILS,,"חס - מע""מ מלא"
1059731,"מהלב המרכז הישראלי לנגישות בתקשורת בע""מ",19/07/2018,INVOICE,6552,ILS,,"חס - מע""מ מלא"
1059737," סלקום ישראל בע""מ",02/07/2018,INVOICE,107.01,ILS,Unknown,"חס - 2/3 מע""מ"
1059738,"ממסרית השקעות ופיננסים בע""מ",24/07/2018,INVOICE,1078.34,ILS,,"חס - מע""מ מלא"
1059739,סייל פי סי,08/07/2018,INVOICE,1980,ILS,Paid,"חס - מע""מ מלא - תשומות ציוד"
1059741,"עו""דכנית בע""מ",02/07/2018,INVOICE,320.29,ILS,Unknown,"חס - מע""מ מלא"
1059747,"תדלק וסע שיווק דלקים בע""מ",12/07/2018,INVOICE,678.3,ILS,Paid,"חס - 1/4 מע""מ"
1059748,"תדלק וסע שיווק דלקים בע""מ",09/07/2018,INVOICE,1280.56,ILS,Paid,"חס - 1/4 מע""מ"
1059749,Credimatch Software Ltd,25/07/2018,RECEIPT,468,ILS,,"חס - מע""מ מלא"
1059752,"וויסנטר בע""מ",19/07/2018,INVOICE,118.09,ILS,Unknown,"חס - 2/3 מע""מ"
1059755,"תדלק וסע שיווק דלקים בע""מ",12/07/2018,INVOICE,628.69,ILS,Paid,"חס - 1/4 מע""מ"
1059756,"שיפטאורגנייזר בע""מ ",26/07/2018,INVOICE,293,ILS,,"חס - מע""מ מלא"
1059757,"תדלק וסע שיווק דלקים בע""מ",12/07/2018,INVOICE,1597.53,ILS,Paid,"חס - 1/4 מע""מ"
1059763,"פנגו פיי אנד גו בע""מ",26/07/2018,RECEIPT,5.9,ILS,,"חס - מע""מ מלא"
1059764,CAR2GO,31/07/2018,INVOICE,1081.57,ILS,Unknown,"מע""מ 0%"
1059765,"שטראוס מים בע""מ",16/07/2018,INVOICE,3168,ILS,,"חס - מע""מ מלא - תשומות ציוד"
1059771,"שטראוס מים בע""מ",27/06/2018,INVOICE,3492,ILS,,"חס - מע""מ מלא"
1059773,"פנגו פיי אנד גו בע""מ",26/07/2018,RECEIPT,5.9,ILS,,"חס - מע""מ מלא"
1059774,"שיפטאורגנייזר בע""מ ",11/07/2018,RECEIPT,293,ILS,,"חס - מע""מ מלא"
1059777,"חברת פרטנר תקשורת בע""מ",01/07/2018,INVOICE,37680.33,ILS,Unknown,"חס - מע""מ מלא"
1060497,דרך היין מרכז לתרבות היין,01/08/2018,INVOICE,129.9,ILS,Unknown,"חס - מע""מ מלא"
1060500,איתמר חכים,16/07/2018,INVOICE,585,ILS,,"חס - מע""מ מלא"
1060508,General - Food,12/07/2018,INVOICE,217.9,ILS,Paid,"מע""מ 0%"
1060517,"סופר קופיקס בע""מ",15/07/2018,INVOICE,12.1,ILS,Paid,"מע""מ 0%"
1060520,איתמר חכים,01/07/2018,INVOICE,702,ILS,Paid,"חס - מע""מ מלא"
1060523,איתמר חכים,31/07/2018,INVOICE,117,ILS,Unknown,"חס - מע""מ מלא"
1060528,דרך היין מרכז לתרבות היין,05/07/2018,INVOICE,219.8,ILS,,"חס - מע""מ מלא"
1079826,"תדלק וסע שיווק דלקים בע""מ",07/08/2018,INVOICE,704.5,ILS,Unknown,"חס - 1/4 מע""מ"
1079827,"תדלק וסע שיווק דלקים בע""מ",07/08/2018,INVOICE,952.3,ILS,Unknown,"חס - 1/4 מע""מ"
1079828,"תדלק וסע שיווק דלקים בע""מ",07/08/2018,INVOICE,1687.65,ILS,Unknown,"חס - 1/4 מע""מ"
1079829,"תדלק וסע שיווק דלקים בע""מ",07/08/2018,INVOICE,1188.41,ILS,Unknown,"חס - 1/4 מע""מ"
1079830,"רי-גו מרקטינג בע""מ",01/08/2018,INVOICE,4095,ILS,Paid,"חס - מע""מ מלא"
1079831,"שי אשל מערכות מידע ובטחון בע""מ",30/08/2018,INVOICE,889,ILS,Unknown,"חס - מע""מ מלא"
1079833,"שיפטאורגנייזר בע""מ ",28/08/2018,INVOICE,293,ILS,Unknown,"חס - מע""מ מלא"
1079834,"תדמור ושות' פרופ' יובל לוי ושו'ת, עורכי דין",28/08/2018,INVOICE,11632.46,ILS,Paid,"חס - מע""מ מלא"
1079835,שליו טכנולוגיות מחשוב,19/08/2018,INVOICE,3264,ILS,Paid,"חס - מע""מ מלא"
1079846,"פלאפון תקשורת בע""מ",21/08/2018,INVOICE,1097.86,ILS,Unknown,"חס - 2/3 מע""מ"
1079847,"קי.אס.פי. מחשבים חולון בע""מ",26/08/2018,INVOICE,3185,ILS,Paid,"חס - מע""מ מלא - תשומות ציוד"
1079848,"קשרים פלוס בע""מ",30/08/2018,INVOICE,713,ILS,Unknown,"מע""מ 0%"
1079849,Credimatch Software Ltd,31/08/2018,INVOICE,468,ILS,Paid,"חס - מע""מ מלא"
1079850,"פנגו פיי אנד גו בע""מ",26/08/2018,INVOICE,5.9,ILS,Paid,"חס - מע""מ מלא"
1079851,"פנגו פיי אנד גו בע""מ",26/08/2018,INVOICE,5.9,ILS,Paid,"חס - מע""מ מלא"
1079852,"פנגו פיי אנד גו בע""מ",26/08/2018,INVOICE,83.61,ILS,Paid,"חס - מע""מ מלא"
1079853,"חברת פרטנר תקשורת בע""מ",19/08/2018,INVOICE,65.44,ILS,Unknown,"חס - 2/3 מע""מ"
1079854,CAR2GO,31/08/2018,INVOICE,1818.26,ILS,Unknown,"מע""מ 0%"
1079855,"חברת פרטנר תקשורת בע""מ",01/08/2018,INVOICE,90105.53,ILS,Unknown,"חס - מע""מ מלא"
1079866,"מיטב ניקיון ואחזקה בע""מ",07/08/2018,INVOICE,5279.3,ILS,Unknown,"חס - מע""מ מלא"
1079867,מיצד פתרונות מחשוב,07/08/2018,INVOICE,1635.5,ILS,Unknown,"חס - מע""מ מלא"
1079868,"מיטב ניקיון ואחזקה בע""מ",07/08/2018,INVOICE,1381.5,ILS,Unknown,"חס - מע""מ מלא"
1079869,"ממסרית השקעות ופיננסים בע""מ",12/08/2018,INVOICE,7605,ILS,Unknown,"חס - מע""מ מלא"
1079870,"מיטב ניקיון ואחזקה בע""מ",06/08/2018,INVOICE,351,ILS,Unknown,"חס - מע""מ מלא"
1079871,ניר נגר,19/08/2018,INVOICE,376.8,ILS,Unknown,"חס - מע""מ מלא"
1079873,"013 נטוויז'ן בע""מ",31/07/2018,INVOICE,0.76,ILS,Unknown,"חס - מע""מ מלא"
1079874," סלקום ישראל בע""מ",02/08/2018,Refund - חשבונית זיכוי,100.55,ILS,Unknown,"חס - 2/3 מע""מ"
1079884,"מיטב ניקיון ואחזקה בע""מ",07/08/2018,INVOICE,1640.6,ILS,Unknown,"חס - מע""מ מלא"
1079886,מאה הפקה והוצאה לאור ,19/08/2018,INVOICE,293,ILS,Unknown,"חס - מע""מ מלא"
1079887,"ליסקאר רם בע""מ",09/08/2018,INVOICE,11.38,ILS,Unknown,"מע""מ 0%"
1079888,"ליסקאר רם בע""מ",09/08/2018,INVOICE,1714.47,ILS,Unknown,"מע""מ 0%"
1079889,"ליסקאר רם בע""מ",09/08/2018,INVOICE,1676.12,ILS,Unknown,"מע""מ 0%"
1079890,סאב-קיי,09/08/2018,INVOICE,443.17,ILS,Unknown,"חס - מע""מ מלא"
1079891,מוסך ואן מוטורס 2011,02/08/2018,INVOICE,1288,ILS,Unknown,"חס - 1/4 מע""מ"
1079892,"לסה ויז'ן בע""מ",15/08/2018,INVOICE,398,ILS,Unknown,"חס - מע""מ מלא"
1079897,"מהלב המרכז הישראלי לנגישות בתקשורת בע""מ",19/08/2018,INVOICE,3744,ILS,Unknown,"חס - מע""מ מלא"
1079899," מד 1 אי.סי.-1 (1999) בע""מ",30/08/2018,INVOICE,6003.47,ILS,Unknown,"חס - מע""מ מלא"
1079901," מד 1 אי.סי.-1 (1999) בע""מ",19/08/2018,INVOICE,19575.76,ILS,Unknown,"חס - מע""מ מלא"
1079906,"י.פרל ושות' בע""מ",05/08/2018,INVOICE,9203,ILS,Unknown,"חס - מע""מ מלא"
1079907,"טריפל סי מחשוב ענן בע""מ",20/08/2018,INVOICE,555,ILS,,"חס - מע""מ מלא"
1079908,כוכבית פלוס *8077,01/08/2018,INVOICE,678.6,ILS,Unknown,"חס - מע""מ מלא"
1079909,"חברת החשמל לישראל בע""מ",07/08/2018,INVOICE,1367.81,ILS,Unknown,"חס - מע""מ מלא"
1079910,"טמפו שווק (1981) בע""מ",14/08/2018,INVOICE,1934.53,ILS,Paid,"מע""מ 0%"
1079911,"חברת החשמל לישראל בע""מ",16/08/2018,INVOICE,5844.11,ILS,Unknown,"חס - מע""מ מלא"
1079926,"דאלאס מוצרי נייר בע""מ",26/08/2018,INVOICE,784,ILS,Unknown,"חס - מע""מ מלא"
1079927,"וואלי מדבקות בע""מ",16/08/2018,INVOICE,110,ILS,,"חס - מע""מ מלא"
1079928,"זיג זג שרותי דיוור ולוגיסטיקה בע""מ",31/08/2018,INVOICE,3010.4,ILS,Unknown,"חס - מע""מ מלא"
1079929,"הוט מובייל בע""מ",14/08/2018,INVOICE,586.75,ILS,Unknown,"חס - מע""מ מלא"
1079930," וואן סמבה פתרונות מחישוב ותקשורת בע""מ",01/08/2018,INVOICE,1615,ILS,Unknown,"חס - מע""מ מלא"
1079931,הוט טלקום שותפות מוגבלת,31/08/2018,INVOICE,274.95,ILS,Unknown,"חס - מע""מ מלא"
1079932,הוט טלקום שותפות מוגבלת,31/08/2018,INVOICE,1578.33,ILS,Unknown,"חס - מע""מ מלא"
1079933,הוט טלקום שותפות מוגבלת,31/08/2018,INVOICE,368191.67,ILS,Unknown,"חס - מע""מ מלא"
1079934,"הוט מובייל בע""מ",14/08/2018,INVOICE,1750.1,ILS,Unknown,"חס - מע""מ מלא"
1079935,"הוט מובייל בע""מ",06/08/2018,INVOICE,4124.55,ILS,Unknown,"חס - מע""מ מלא"
1079946,"ג.ש. ניצוץ בע""מ",26/08/2018,INVOICE,8240,ILS,Unknown,"חס - מע""מ מלא"
1079948,"דאלאס מוצרי נייר בע""מ",12/08/2018,INVOICE,615,ILS,Unknown,"חס - מע""מ מלא"
1079949,"גט טראפיק בע""מ",10/08/2018,INVOICE,16180,ILS,Unknown,"חס - מע""מ מלא"
1079950,"ברינגוז טכנולוגיות בע""מ",30/08/2018,INVOICE,147.83,ILS,Unknown,"חס - מע""מ מלא"
1079951,"ג'מס מפעלי בירה בע""מ",02/08/2018,INVOICE,674,ILS,,"מע""מ 0%"
1079952,"ג'מס מפעלי בירה בע""מ",19/08/2018,INVOICE,1237,ILS,Unknown,"מע""מ 0%"
1079953,"גטר גרופ בע""מ",16/08/2018,INVOICE,6161.45,ILS,Unknown,"חס - מע""מ מלא"
1079954,"גטר גרופ בע""מ",01/08/2018,INVOICE,8809.67,ILS,Unknown,"חס - מע""מ מלא"
1079955,"ביפר תקשורת בע""מ",27/08/2018,INVOICE,1468,ILS,Unknown,"חס - מע""מ מלא"
1079956,"בזק בינלאומי בע""מ",31/08/2018,INVOICE,281.34,ILS,Unknown,"חס - מע""מ מלא"
1079968,"ארגוקום בע""מ",15/08/2018,INVOICE,5667,ILS,Unknown,"חס - מע""מ מלא - תשומות ציוד"
1079969,"ארגוקום בע""מ",16/08/2018,INVOICE,1512,ILS,Unknown,"חס - מע""מ מלא - תשומות ציוד"
1079970,אורן כרפיס,19/08/2018,INVOICE,305,ILS,Unknown,"חס - מע""מ מלא"
1079971,"אינטרספייס בע""מ",01/08/2018,INVOICE,228.15,ILS,Unknown,
1079972,"אינטרספייס בע""מ",01/08/2018,INVOICE,963.49,ILS,Unknown,"חס - מע""מ מלא"
1079973,"אמיר תזרים מזומנים בע""מ",11/08/2018,INVOICE,187.2,ILS,,"חס - מע""מ מלא"
1079974,"ארגוקום בע""מ",21/08/2018,INVOICE,4499,ILS,Unknown,"חס - מע""מ מלא - תשומות ציוד"
1079975,"בזק החברה הישראלית לתקשורת בע""מ",26/08/2018,INVOICE,775.03,ILS,Paid,"חס - מע""מ מלא"
1079986,Xero (NZ) Ltd,09/08/2018,INVOICE,40,USD,,"מע""מ 0%"
1079987,WebEx Communications BV,21/05/2018,INVOICE,22.32,USD,Unknown,"מע""מ 0%"
1079988,WebEx Communications BV,21/07/2018,INVOICE,22.25,USD,Unknown,"מע""מ 0%"
1079989,WebEx Communications BV,21/06/2018,INVOICE,21.87,USD,Unknown,"מע""מ 0%"
1079990,Voxbone SA ,01/08/2018,INVOICE,6448.75,USD,,"מע""מ 0%"
1079991,WebEx Communications BV,21/08/2018,INVOICE,21.87,USD,Unknown,"מע""מ 0%"
1079992,Voxbone SA ,06/08/2018,RECEIPT,15000,USD,Paid,"מע""מ 0%"
1079993,"אדית פתרונות תוכנה בע""מ",28/08/2018,INVOICE,5285.69,ILS,,"חס - מע""מ מלא"
1079994,Ventatel Limited,02/08/2018,INVOICE,4192.56,USD,Unknown,"מע""מ 0%"
1079995,Ventatel Limited,17/08/2018,INVOICE,3507.32,USD,Unknown,"מע""מ 0%"
1080006,PICREEL LTD,16/08/2018,RECEIPT,69,USD,Paid,"חס - מע""מ מלא"
1080007,TollFreeForwarding.com ,31/08/2018,INVOICE,1653.77,USD,,"מע""מ 0%"
1080008,Telserv B.V.,14/08/2018,INVOICE,1202.09,USD,Unknown,
1080009,"Palo Alto Software, Inc.",16/08/2018,INVOICE,19.95,USD,Paid,"מע""מ 0%"
1080010,telemondo PTE.LTD ,15/08/2018,INVOICE,10481.6,USD,Unknown,"מע""מ 0%"
1080011,telemondo PTE.LTD ,15/08/2018,INVOICE,738.38,USD,Unknown,"מע""מ 0%"
1080012,telemondo PTE.LTD ,31/08/2018,INVOICE,15976.16,USD,Unknown,"מע""מ 0%"
1080013,Unfuddle LLC,20/08/2018,INVOICE,69,USD,,"מע""מ 0%"
1080014,telemondo PTE.LTD ,31/08/2018,INVOICE,835.31,USD,Unknown,"מע""מ 0%"
1080024,Mailchimp ,03/08/2018,INVOICE,20,USD,,"מע""מ 0%"
1080025,Keymetrics SAS,02/08/2018,INVOICE,65,USD,Unknown,"מע""מ 0%"
1080026,Mailchimp ,28/08/2018,INVOICE,20,USD,,"מע""מ 0%"
1080027,Mailchimp ,21/08/2018,INVOICE,20,USD,Paid,"מע""מ 0%"
1080028,Mailchimp ,10/08/2018,RECEIPT,95,USD,Unknown,"מע""מ 0%"
1080029,Mailchimp ,14/08/2018,RECEIPT,20,USD,Paid,"מע""מ 0%"
1080030,Kaktus telecom limited,27/08/2018,INVOICE,1836.46,ILS,Unknown,"מע""מ 0%"
1080031,MET international,08/08/2018,INVOICE,16512,USD,,"מע""מ 0%"
1080040,LeaseWeb Netherlands B.V,01/08/2018,INVOICE,678.65,USD,Unknown,"מע""מ 0%"
1080041,LeaseWeb Netherlands B.V,01/08/2018,INVOICE,357.52,USD,Unknown,"מע""מ 0%"
1080044,"IDT Domestic Telecom, Inc.",23/08/2018,RECEIPT,20000,USD,Paid,"מע""מ 0%"
1080045,Kaktus telecom limited,06/08/2018,INVOICE,2068.68,ILS,Unknown,"מע""מ 0%"
1080046,Kaktus telecom limited,20/08/2018,INVOICE,1730.64,ILS,Unknown,"מע""מ 0%"
1080047,I.T.C. IP Technologies Ltd,16/08/2018,INVOICE,423.07,ILS,Paid,"חס - מע""מ מלא"
1080048,I.T.C. IP Technologies Ltd,09/08/2018,INVOICE,1243.6,ILS,Paid,"חס - מע""מ מלא"
1080049,I.T.C. IP Technologies Ltd,13/08/2018,INVOICE,2461.9,ILS,Paid,"חס - מע""מ מלא"
1080050,Kaktus telecom limited,13/08/2018,INVOICE,2010.52,ILS,,"מע""מ 0%"
1080051,JetBrains s.r.o.,09/08/2018,INVOICE,64.9,USD,,"מע""מ 0%"
1080052,I.T.C. IP Technologies Ltd,30/08/2018,INVOICE,11929.32,ILS,Paid,"מע""מ 0%"
1080053,I.T.C. IP Technologies Ltd,21/08/2018,INVOICE,277.01,ILS,Paid,"חס - מע""מ מלא"
1080064,Google Ireland Limited,31/08/2018,INVOICE,254.5,USD,Unknown,"מע""מ 0%"
1080065,Google Ireland Limited,31/08/2018,INVOICE,452.13,USD,Unknown,"מע""מ 0%"
1080066,iBasis Netherlands B.V,20/08/2018,INVOICE,10724.77,USD,Unknown,"מע""מ 0%"
1080067,iBasis Netherlands B.V,27/08/2018,INVOICE,7037.4,USD,Unknown,"מע""מ 0%"
1080068,iBasis Netherlands B.V,06/08/2018,INVOICE,7460.81,USD,Unknown,"מע""מ 0%"
1080069,iBasis Netherlands B.V,13/08/2018,INVOICE,8175.41,USD,Unknown,"מע""מ 0%"
1080070,GTmetrix,07/08/2018,INVOICE,14.95,USD,,"מע""מ 0%"
1080079,Google Inc.,15/08/2018,INVOICE,8,ILS,,"מע""מ 0%"
1080080,Google Inc.,04/08/2018,INVOICE,8,ILS,Paid,"מע""מ 0%"
1080084,Google Inc.,23/08/2018,INVOICE,8,ILS,Paid,"מע""מ 0%"
1080085,Google Inc.,06/08/2018,INVOICE,8,ILS,Paid,"מע""מ 0%"
1080086,Google Inc.,26/08/2018,INVOICE,39,ILS,Paid,"מע""מ 0%"
1080087,Google Inc.,10/08/2018,INVOICE,8,ILS,,"מע""מ 0%"
1080088,Google Inc.,13/08/2018,INVOICE,8,ILS,Paid,"מע""מ 0%"
1080089,Google Inc.,24/08/2018,INVOICE,8,ILS,Paid,"מע""מ 0%"
1080090,Google Inc.,06/08/2018,INVOICE,8,ILS,Paid,"מע""מ 0%"
1080091,Google Inc.,06/08/2018,INVOICE,8,ILS,Paid,"מע""מ 0%"
1080092,Google Inc.,21/08/2018,INVOICE,7.6,ILS,Paid,"מע""מ 0%"
1080093,Google Inc.,05/08/2018,INVOICE,80,ILS,Paid,"מע""מ 0%"
1080104,freepik company,05/08/2018,INVOICE,9.99,USD,,"מע""מ 0%"
1080105,freepik company,14/08/2018,INVOICE,44.99,USD,Unknown,"מע""מ 0%"
1080106,freepik company,05/07/2018,INVOICE,9.99,USD,,"מע""מ 0%"
1080107,dotcom-monitor,02/08/2018,RECEIPT,144.77,USD,Paid,"מע""מ 0%"
1080108,DREAM BRIDGE SOLUTIONS S.R.L.,03/08/2018,INVOICE,3500,USD,Unknown,"מע""מ 0%"
1080109,Google Inc.,14/08/2018,INVOICE,7.6,ILS,,"מע""מ 0%"
1080110,Google Inc.,20/08/2018,INVOICE,7.6,ILS,Paid,"מע""מ 0%"
1080111,Google Inc.,28/08/2018,INVOICE,7.6,ILS,Paid,"מע""מ 0%"
1080112,Google Inc.,20/08/2018,INVOICE,7.6,ILS,Paid,"מע""מ 0%"
1080113,"ג'יטי גטאקסי סרוויסס ישראל בע""מ",31/08/2018,INVOICE,2459,ILS,,"חס - מע""מ מלא"
1080124,Domain.com,22/08/2018,RECEIPT,17.98,USD,Paid,"מע""מ 0%"
1080125,didXL SP. z o.o.,01/08/2018,INVOICE,3277.27,USD,Unknown,פ
1080126,DIDWW Ireland LTD,01/08/2018,INVOICE,14,USD,Unknown,"מע""מ 0%"
1080127,DIDX Inc.,15/08/2018,RECEIPT,10,USD,,"מע""מ 0%"
1080128,DIDX Inc.,15/08/2018,RECEIPT,3.99,USD,Paid,"מע""מ 0%"
1080129,DIDX Inc.,16/08/2018,RECEIPT,23.75,USD,,"מע""מ 0%"
1080130,DIDX Inc.,14/08/2018,RECEIPT,50,USD,,"מע""מ 0%"
1080131,DIDX Inc.,13/08/2018,RECEIPT,62.5,USD,Paid,"מע""מ 0%"
1080132,DIDX Inc.,15/08/2018,RECEIPT,12.5,USD,,"מע""מ 0%"
1080133,DIDX Inc.,15/08/2018,RECEIPT,12.5,USD,,"מע""מ 0%"
1080144,bics,14/08/2018,INVOICE,10000,USD,,פ
1080146,"Amazon Web Services, Inc",03/08/2018,INVOICE,3524.52,USD,Unknown,"מע""מ 0%"
1080147,Communications Global Network Services Ltd.,02/08/2018,OTHER,8157.42,USD,Unknown,"מע""מ 0%"
1080148,DID LOGIC LIMITED,14/08/2018,INVOICE,9919.68,USD,Unknown,"מע""מ 0%"
1080156,עיריית תל אביב יפו,16/08/2018,INVOICE,354.6,ILS,Unknown,"מע""מ 0%"
1080158,עיריית תל אביב יפו,16/08/2018,INVOICE,437.33,ILS,Unknown,"מע""מ 0%"
1080160,עיריית תל אביב יפו,16/08/2018,INVOICE,5797.89,ILS,Unknown,"מע""מ 0%"
1080162,עיריית תל אביב יפו,16/08/2018,INVOICE,4767.16,ILS,Unknown,"מע""מ 0%"
1080164,עיריית תל אביב יפו,16/08/2018,INVOICE,13727.45,ILS,Unknown,"מע""מ 0%"
1089425,"פנגו פיי אנד גו בע""מ",02/07/2018,INVOICE,20,ILS,Paid,"חס - מע""מ מלא"
1089426,"אקספון 018 בע""מ",30/09/2018,INVOICE,125,ILS,Unknown,"חס - מע""מ מלא"
1089427,"אקספון 018 בע""מ",31/08/2018,INVOICE,125,ILS,Unknown,"חס - מע""מ מלא"
1089428,"פנגו פיי אנד גו בע""מ",28/06/2018,INVOICE,20,ILS,Paid,"חס - מע""מ מלא"
1089429,"פנגו פיי אנד גו בע""מ",04/07/2018,INVOICE,20,ILS,Paid,"חס - מע""מ מלא"
1089430,"פנגו פיי אנד גו בע""מ",03/07/2018,INVOICE,20,ILS,Paid,"חס - מע""מ מלא"
1089431,"פנגו פיי אנד גו בע""מ",01/07/2018,INVOICE,20,ILS,Paid,"חס - מע""מ מלא"
1089432,"פנגו פיי אנד גו בע""מ",28/06/2018,INVOICE,20,ILS,Paid,"חס - מע""מ מלא"
1089441,"פנגו פיי אנד גו בע""מ",27/06/2018,INVOICE,21,ILS,Paid,"חס - מע""מ מלא"
1089442,"פנגו פיי אנד גו בע""מ",27/06/2018,INVOICE,20,ILS,Paid,"חס - מע""מ מלא"
1089445,"פנגו פיי אנד גו בע""מ",04/07/2018,INVOICE,20,ILS,Paid,"חס - מע""מ מלא"
1089446,"פנגו פיי אנד גו בע""מ",10/07/2018,INVOICE,21,ILS,Paid,"חס - מע""מ מלא"
1089447,"פנגו פיי אנד גו בע""מ",09/07/2018,INVOICE,20,ILS,Paid,"חס - מע""מ מלא"
1089448,"פנגו פיי אנד גו בע""מ",05/07/2018,INVOICE,5,ILS,Paid,"חס - מע""מ מלא"
1089449,"פנגו פיי אנד גו בע""מ",05/07/2018,INVOICE,5,ILS,Paid,"חס - מע""מ מלא"
1089450,"פנגו פיי אנד גו בע""מ",07/07/2018,INVOICE,12,ILS,Paid,"חס - מע""מ מלא"
1089451,"פנגו פיי אנד גו בע""מ",08/07/2018,INVOICE,20,ILS,Paid,"חס - מע""מ מלא"
1089452,"פנגו פיי אנד גו בע""מ",08/07/2018,INVOICE,20,ILS,Paid,"חס - מע""מ מלא"
1089453,"פנגו פיי אנד גו בע""מ",06/07/2018,INVOICE,45,ILS,Paid,"חס - מע""מ מלא"
1089454,"פנגו פיי אנד גו בע""מ",05/07/2018,INVOICE,20,ILS,Paid,"חס - מע""מ מלא"
1089465,"פנגו פיי אנד גו בע""מ",14/07/2018,INVOICE,20,ILS,Paid,"חס - מע""מ מלא"
1089466,"פנגו פיי אנד גו בע""מ",15/07/2018,INVOICE,20,ILS,Paid,"חס - מע""מ מלא"
1089467,"פנגו פיי אנד גו בע""מ",17/07/2018,INVOICE,20,ILS,Paid,"חס - מע""מ מלא"
1089468,"פנגו פיי אנד גו בע""מ",10/07/2018,INVOICE,20,ILS,Paid,"חס - מע""מ מלא"
1089469,"פנגו פיי אנד גו בע""מ",17/07/2018,INVOICE,40,ILS,Paid,"חס - מע""מ מלא"
1089470,"פנגו פיי אנד גו בע""מ",16/07/2018,INVOICE,20,ILS,Paid,"חס - מע""מ מלא"
1089471,"פנגו פיי אנד גו בע""מ",17/07/2018,INVOICE,20,ILS,Paid,"חס - מע""מ מלא"
1089472,"פנגו פיי אנד גו בע""מ",10/07/2018,INVOICE,5,ILS,Paid,"חס - מע""מ מלא"
1089481,"פנגו פיי אנד גו בע""מ",11/07/2018,INVOICE,20,ILS,Paid,"חס - מע""מ מלא"
1089482,"פנגו פיי אנד גו בע""מ",12/07/2018,INVOICE,20,ILS,Paid,"חס - מע""מ מלא"
1089487,"פנגו פיי אנד גו בע""מ",19/07/2018,INVOICE,20,ILS,Paid,"חס - מע""מ מלא"
1089488,"פנגו פיי אנד גו בע""מ",19/07/2018,INVOICE,40,ILS,Paid,"חס - מע""מ מלא"
1089490,"פנגו פיי אנד גו בע""מ",25/07/2018,INVOICE,20,ILS,Paid,"חס - מע""מ מלא"
1089491,"פנגו פיי אנד גו בע""מ",22/07/2018,INVOICE,20,ILS,Paid,"חס - מע""מ מלא"
1089492,"פנגו פיי אנד גו בע""מ",19/07/2018,INVOICE,20,ILS,Paid,"חס - מע""מ מלא"
1089493,"פנגו פיי אנד גו בע""מ",26/07/2018,INVOICE,27,ILS,Paid,"חס - מע""מ מלא"
1089494,"פנגו פיי אנד גו בע""מ",23/07/2018,INVOICE,20,ILS,Paid,"חס - מע""מ מלא"
1089495,"פנגו פיי אנד גו בע""מ",17/07/2018,INVOICE,20,ILS,Paid,"חס - מע""מ מלא"
1089496,"פנגו פיי אנד גו בע""מ",18/07/2018,INVOICE,20,ILS,Paid,"חס - מע""מ מלא"
1089498,"פנגו פיי אנד גו בע""מ",24/07/2018,INVOICE,20,ILS,Paid,"חס - מע""מ מלא"
1089507,"פנגו פיי אנד גו בע""מ",29/07/2018,INVOICE,22,ILS,Paid,"חס - מע""מ מלא"
1089508,"פנגו פיי אנד גו בע""מ",29/07/2018,INVOICE,20,ILS,Paid,"חס - מע""מ מלא"
1089509,"פנגו פיי אנד גו בע""מ",29/07/2018,INVOICE,20,ILS,Paid,"חס - מע""מ מלא"
1089510,"פנגו פיי אנד גו בע""מ",30/07/2018,INVOICE,20,ILS,Paid,"חס - מע""מ מלא"
1089511,"פנגו פיי אנד גו בע""מ",26/07/2018,INVOICE,20,ILS,Paid,"חס - מע""מ מלא"
1089512,"פנגו פיי אנד גו בע""מ",02/08/2018,INVOICE,80,ILS,Paid,"חס - מע""מ מלא"
1089513,"פנגו פיי אנד גו בע""מ",31/07/2018,INVOICE,20,ILS,Paid,"חס - מע""מ מלא"
1089514,"פנגו פיי אנד גו בע""מ",31/07/2018,INVOICE,20,ILS,Paid,"חס - מע""מ מלא"
1089515,"פנגו פיי אנד גו בע""מ",26/07/2018,INVOICE,5,ILS,Paid,"חס - מע""מ מלא"
1089516,"פנגו פיי אנד גו בע""מ",29/07/2018,INVOICE,20,ILS,Paid,"חס - מע""מ מלא"
1089529,"פנגו פיי אנד גו בע""מ",07/08/2018,INVOICE,20,ILS,Paid,"חס - מע""מ מלא"
1089530,"פנגו פיי אנד גו בע""מ",07/08/2018,INVOICE,16,ILS,Paid,"חס - מע""מ מלא"
1089531,"פנגו פיי אנד גו בע""מ",07/08/2018,INVOICE,18,ILS,Paid,"חס - מע""מ מלא"
1089532,"פנגו פיי אנד גו בע""מ",08/08/2018,INVOICE,20,ILS,Paid,"חס - מע""מ מלא"
1089533,"פנגו פיי אנד גו בע""מ",08/08/2018,INVOICE,20,ILS,Paid,"חס - מע""מ מלא"
1089534,"פנגו פיי אנד גו בע""מ",08/08/2018,INVOICE,60,ILS,Paid,"חס - מע""מ מלא"
1089535,"פנגו פיי אנד גו בע""מ",05/08/2018,INVOICE,20,ILS,Paid,"חס - מע""מ מלא"
1089536,"פנגו פיי אנד גו בע""מ",04/08/2018,INVOICE,25,ILS,Paid,"חס - מע""מ מלא"
1089537,"פנגו פיי אנד גו בע""מ",05/08/2018,INVOICE,22,ILS,Paid,"חס - מע""מ מלא"
1089538,"פנגו פיי אנד גו בע""מ",09/08/2018,INVOICE,20,ILS,Paid,"חס - מע""מ מלא"
1089549,"פנגו פיי אנד גו בע""מ",14/08/2018,INVOICE,20,ILS,Paid,"חס - מע""מ מלא"
1089550,"פנגו פיי אנד גו בע""מ",14/08/2018,INVOICE,5,ILS,Paid,"חס - מע""מ מלא"
1089551,"פנגו פיי אנד גו בע""מ",13/08/2018,INVOICE,5,ILS,Paid,"חס - מע""מ מלא"
1089552,"פנגו פיי אנד גו בע""מ",13/08/2018,INVOICE,20,ILS,Paid,"חס - מע""מ מלא"
1089553,"פנגו פיי אנד גו בע""מ",13/08/2018,INVOICE,3,ILS,Paid,"חס - מע""מ מלא"
1089554,"פנגו פיי אנד גו בע""מ",13/08/2018,INVOICE,20,ILS,Paid,"חס - מע""מ מלא"
1089555,"פנגו פיי אנד גו בע""מ",15/08/2018,INVOICE,20,ILS,Paid,"חס - מע""מ מלא"
1089556,"פנגו פיי אנד גו בע""מ",15/08/2018,INVOICE,5,ILS,Paid,"חס - מע""מ מלא"
1089557,"פנגו פיי אנד גו בע""מ",13/08/2018,INVOICE,5,ILS,Paid,"חס - מע""מ מלא"
1089558,"פנגו פיי אנד גו בע""מ",10/08/2018,INVOICE,20,ILS,Paid,"חס - מע""מ מלא"
1089571,"פנגו פיי אנד גו בע""מ",16/08/2018,INVOICE,20,ILS,Paid,"חס - מע""מ מלא"
1089572,"פנגו פיי אנד גו בע""מ",16/08/2018,INVOICE,5,ILS,Paid,"חס - מע""מ מלא"
1089573,"פנגו פיי אנד גו בע""מ",20/08/2018,INVOICE,5,ILS,Paid,"חס - מע""מ מלא"
1089574,"פנגו פיי אנד גו בע""מ",19/08/2018,INVOICE,20,ILS,Paid,"חס - מע""מ מלא"
1089575,"פנגו פיי אנד גו בע""מ",15/08/2018,INVOICE,20,ILS,Paid,"חס - מע""מ מלא"
1089576,"פנגו פיי אנד גו בע""מ",15/08/2018,INVOICE,5,ILS,Paid,"חס - מע""מ מלא"
1089577,"פנגו פיי אנד גו בע""מ",15/08/2018,INVOICE,20,ILS,Paid,"חס - מע""מ מלא"
1089578,"פנגו פיי אנד גו בע""מ",15/08/2018,INVOICE,39,ILS,Paid,"חס - מע""מ מלא"
1089579,"פנגו פיי אנד גו בע""מ",20/08/2018,INVOICE,6,ILS,Paid,"חס - מע""מ מלא"
1089580,"פנגו פיי אנד גו בע""מ",15/08/2018,INVOICE,80,ILS,Paid,"חס - מע""מ מלא"
1089593,"פנגו פיי אנד גו בע""מ",22/08/2018,INVOICE,5,ILS,Paid,"חס - מע""מ מלא"
1089594,"פנגו פיי אנד גו בע""מ",23/08/2018,INVOICE,5,ILS,Paid,"חס - מע""מ מלא"
1089595,"פנגו פיי אנד גו בע""מ",22/08/2018,INVOICE,20,ILS,Paid,"חס - מע""מ מלא"
1089596,"פנגו פיי אנד גו בע""מ",22/08/2018,INVOICE,50,ILS,Paid,"חס - מע""מ מלא"
1089597,"פנגו פיי אנד גו בע""מ",26/08/2018,INVOICE,30,ILS,Paid,"חס - מע""מ מלא"
1089598,"פנגו פיי אנד גו בע""מ",21/08/2018,INVOICE,5,ILS,Paid,"חס - מע""מ מלא"
1089599,"פנגו פיי אנד גו בע""מ",21/08/2018,INVOICE,20,ILS,Paid,"חס - מע""מ מלא"
1089600,"פנגו פיי אנד גו בע""מ",23/08/2018,INVOICE,20,ILS,Paid,"חס - מע""מ מלא"
1089601,"פנגו פיי אנד גו בע""מ",21/08/2018,INVOICE,20,ILS,Paid,"חס - מע""מ מלא"
1089602,"פנגו פיי אנד גו בע""מ",21/08/2018,INVOICE,5,ILS,Paid,"חס - מע""מ מלא"
1089613,"פנגו פיי אנד גו בע""מ",28/08/2018,INVOICE,20,ILS,Paid,"חס - מע""מ מלא"
1089614,"פנגו פיי אנד גו בע""מ",29/08/2018,INVOICE,20,ILS,Paid,"חס - מע""מ מלא"
1089615,"פנגו פיי אנד גו בע""מ",28/08/2018,INVOICE,5,ILS,Paid,"חס - מע""מ מלא"
1089616,"פנגו פיי אנד גו בע""מ",29/08/2018,INVOICE,20,ILS,Paid,"חס - מע""מ מלא"
1089617,"פנגו פיי אנד גו בע""מ",30/08/2018,INVOICE,20,ILS,Paid,"חס - מע""מ מלא"
1089618,"פנגו פיי אנד גו בע""מ",29/08/2018,INVOICE,5,ILS,Paid,"חס - מע""מ מלא"
1089619,"פנגו פיי אנד גו בע""מ",26/08/2018,INVOICE,20,ILS,Paid,"חס - מע""מ מלא"
1089620,"פנגו פיי אנד גו בע""מ",30/08/2018,INVOICE,10,ILS,Paid,"חס - מע""מ מלא"
1089621,"פנגו פיי אנד גו בע""מ",27/08/2018,INVOICE,5,ILS,Paid,"חס - מע""מ מלא"
1089622,"פנגו פיי אנד גו בע""מ",26/08/2018,INVOICE,5,ILS,Paid,"חס - מע""מ מלא"
1089633,"פנגו פיי אנד גו בע""מ",03/09/2018,INVOICE,5,ILS,Paid,"חס - מע""מ מלא"
1089634,"פנגו פיי אנד גו בע""מ",03/09/2018,INVOICE,20,ILS,Paid,"חס - מע""מ מלא"
1089635,"פנגו פיי אנד גו בע""מ",04/09/2018,INVOICE,5,ILS,Paid,"חס - מע""מ מלא"
1089636,"פנגו פיי אנד גו בע""מ",04/09/2018,INVOICE,12,ILS,Paid,"חס - מע""מ מלא"
1089637,"פנגו פיי אנד גו בע""מ",04/09/2018,INVOICE,40,ILS,Paid,"חס - מע""מ מלא"
1089638,"פנגו פיי אנד גו בע""מ",30/08/2018,INVOICE,20,ILS,Paid,"חס - מע""מ מלא"
1089639,"פנגו פיי אנד גו בע""מ",04/09/2018,INVOICE,20,ILS,Paid,"חס - מע""מ מלא"
1089641,"פנגו פיי אנד גו בע""מ",02/09/2018,INVOICE,5,ILS,Paid,"חס - מע""מ מלא"
1089648,"פנגו פיי אנד גו בע""מ",02/09/2018,INVOICE,20,ILS,Paid,"חס - מע""מ מלא"
1089650,"פנגו פיי אנד גו בע""מ",02/09/2018,INVOICE,20,ILS,Paid,"חס - מע""מ מלא"
1089653,"פנגו פיי אנד גו בע""מ",06/09/2018,INVOICE,20,ILS,Paid,"חס - מע""מ מלא"
1089654,"פנגו פיי אנד גו בע""מ",12/09/2018,INVOICE,20,ILS,Paid,"חס - מע""מ מלא"
1089655,"פנגו פיי אנד גו בע""מ",12/09/2018,INVOICE,5,ILS,Paid,"חס - מע""מ מלא"
1089656,"פנגו פיי אנד גו בע""מ",13/09/2018,INVOICE,5,ILS,Paid,"חס - מע""מ מלא"
1089657,"פנגו פיי אנד גו בע""מ",12/09/2018,INVOICE,32,ILS,Paid,"חס - מע""מ מלא"
1089658,"פנגו פיי אנד גו בע""מ",05/09/2018,INVOICE,10,ILS,Paid,"חס - מע""מ מלא"
1089659,"פנגו פיי אנד גו בע""מ",12/09/2018,INVOICE,5,ILS,Paid,"חס - מע""מ מלא"
1089660,"פנגו פיי אנד גו בע""מ",05/09/2018,INVOICE,20,ILS,Paid,"חס - מע""מ מלא"
1089661,"פנגו פיי אנד גו בע""מ",06/09/2018,INVOICE,20,ILS,Paid,"חס - מע""מ מלא"
1089662,"פנגו פיי אנד גו בע""מ",06/09/2018,INVOICE,5,ILS,Paid,"חס - מע""מ מלא"
1089673,Ariafone Telekom Ltd.,01/09/2018,INVOICE,12166.98,USD,Unknown,"מע""מ 0%"
1089675,bics,27/09/2018,INVOICE,5000,USD,Unknown,פ
1089676,"Amazon Web Services, Inc",03/09/2018,INVOICE,3631.75,USD,Unknown,"מע""מ 0%"
1089677,Communication Global Network Services (BT) Ltd,02/09/2018,INVOICE,7120.84,USD,Unknown,"מע""מ 0%"
1089678,"פנגו פיי אנד גו בע""מ",17/09/2018,INVOICE,40,ILS,Paid,"חס - מע""מ מלא"
1089679,"פנגו פיי אנד גו בע""מ",16/09/2018,INVOICE,5,ILS,Paid,"חס - מע""מ מלא"
1089680,"פנגו פיי אנד גו בע""מ",13/09/2018,INVOICE,20,ILS,Paid,"חס - מע""מ מלא"
1089681,"פנגו פיי אנד גו בע""מ",13/09/2018,INVOICE,5,ILS,Paid,"חס - מע""מ מלא"
1089682,"פנגו פיי אנד גו בע""מ",14/09/2018,INVOICE,25,ILS,Paid,"חס - מע""מ מלא"
1089693,didXL SP. z o.o.,01/09/2018,INVOICE,4072.03,USD,Unknown,"מע""מ 0%"
1089694,Domain.com,09/10/2018,RECEIPT,11.99,USD,Paid,"מע""מ 0%"
1089695,DIDWW Ireland LTD,01/09/2018,INVOICE,14,USD,Unknown,"מע""מ 0%"
1089696,DIDX Inc.,14/09/2018,RECEIPT,50,USD,Paid,"מע""מ 0%"
1089697,DIDX Inc.,15/09/2018,RECEIPT,10,USD,Paid,"מע""מ 0%"
1089698,DIDX Inc.,16/09/2018,RECEIPT,23.75,USD,Paid,"מע""מ 0%"
1089699,DIDX Inc.,15/09/2018,RECEIPT,3.99,USD,Paid,"מע""מ 0%"
1089700,DIDX Inc.,13/09/2018,RECEIPT,62.5,USD,Paid,"מע""מ 0%"
1089701,CLICKBENCH LLC,07/09/2018,INVOICE,90,USD,Paid,"מע""מ 0%"
1089702,DID LOGIC LIMITED,28/09/2018,INVOICE,4939.32,USD,Unknown,"מע""מ 0%"
1089713,Domain.com,20/09/2018,RECEIPT,11.99,USD,Paid,"מע""מ 0%"
1089714,dotcom-monitor,08/01/2018,RECEIPT,144.77,USD,Paid,"מע""מ 0%"
1089715,Google Ireland Limited,20/09/2018,RECEIPT,7.6,ILS,Paid,"מע""מ 0%"
1089716,Google Ireland Limited,20/09/2018,RECEIPT,7.6,ILS,Paid,"מע""מ 0%"
1089717,Google Ireland Limited,06/09/2018,INVOICE,8,ILS,Paid,"מע""מ 0%"
1089718,Google Ireland Limited,14/09/2018,RECEIPT,7.6,ILS,Paid,"מע""מ 0%"
1089719,Google Ireland Limited,28/09/2018,RECEIPT,7.6,ILS,Paid,"מע""מ 0%"
1089720,Google Ireland Limited,21/09/2018,RECEIPT,7.6,ILS,Paid,"מע""מ 0%"
1089722,"ג'יטי גטאקסי סרוויסס ישראל בע""מ",30/09/2018,INVOICE,845,ILS,Unknown,"חס - מע""מ מלא"
1089733,Google Ireland Limited,24/09/2018,RECEIPT,8,ILS,Paid,"מע""מ 0%"
1089734,Google Ireland Limited,07/09/2018,RECEIPT,8,ILS,Paid,"מע""מ 0%"
1089736,Google Ireland Limited,13/09/2018,RECEIPT,8,ILS,Paid,"מע""מ 0%"
1089737,Google Ireland Limited,04/09/2018,RECEIPT,8,ILS,Paid,"מע""מ 0%"
1089738,Google Ireland Limited,10/09/2018,RECEIPT,8,ILS,Paid,"מע""מ 0%"
1089739,Google Ireland Limited,06/09/2018,RECEIPT,8,ILS,Paid,"מע""מ 0%"
1089740,Google Ireland Limited,06/09/2018,RECEIPT,8,ILS,Paid,"מע""מ 0%"
1089741,Google Ireland Limited,26/09/2018,RECEIPT,39,ILS,Paid,"מע""מ 0%"
1089742,Google Ireland Limited,23/09/2018,RECEIPT,8,ILS,Paid,"מע""מ 0%"
1089753,iBasis Netherlands B.V,03/09/2018,INVOICE,8668.24,USD,Unknown,"מע""מ 0%"
1089754,iBasis Netherlands B.V,10/09/2018,INVOICE,7619.45,USD,Unknown,"מע""מ 0%"
1089755,iBasis Netherlands B.V,17/09/2018,INVOICE,11678.27,USD,Unknown,"מע""מ 0%"
1089756,iBasis Netherlands B.V,24/09/2018,INVOICE,10961.78,USD,Unknown,"מע""מ 0%"
1089757,"IDT Domestic Telecom, Inc.",23/09/2018,RECEIPT,10000,USD,Paid,"מע""מ 0%"
1089758,Google Ireland Limited,30/09/2018,INVOICE,420.83,USD,Unknown,"מע""מ 0%"
1089759,Google Ireland Limited,30/09/2018,INVOICE,0.38,USD,Unknown,"מע""מ 0%"
1089760,GTmetrix,07/09/2018,INVOICE,14.95,USD,Paid,"מע""מ 0%"
1089762,IP Telecom Bulgaria LTD,27/09/2018,INVOICE,700,USD,Unknown,"מע""מ 0%"
1089773,I.T.C. IP Technologies Ltd,27/09/2018,INVOICE,307.94,ILS,Paid,"חס - מע""מ מלא"
1089774,I.T.C. IP Technologies Ltd,30/09/2018,INVOICE,16857.36,ILS,Paid,"חס - מע""מ מלא"
1089775,JetBrains s.r.o.,09/09/2018,INVOICE,64.9,USD,,"מע""מ 0%"
1089776,I.T.C. IP Technologies Ltd,04/09/2018,INVOICE,1490.07,USD,Paid,"חס - מע""מ מלא"
1089777,JetBrains s.r.o.,12/09/2018,INVOICE,199,USD,Unknown,"מע""מ 0%"
1089778,Kaktus telecom limited,03/09/2018,INVOICE,2215.03,ILS,Unknown,"מע""מ 0%"
1089779,I.T.C. IP Technologies Ltd,02/09/2018,INVOICE,2845.42,ILS,Paid,"חס - מע""מ מלא"
1089780,I.T.C. IP Technologies Ltd,06/09/2018,INVOICE,1239.26,ILS,Paid,"חס - מע""מ מלא"
1089781,I.T.C. IP Technologies Ltd,09/09/2018,INVOICE,2379.31,ILS,Paid,"חס - מע""מ מלא"
1089782,I.T.C. IP Technologies Ltd,17/09/2018,INVOICE,712.86,ILS,Paid,"חס - מע""מ מלא"
1089793,Mailchimp ,09/09/2018,RECEIPT,95,USD,Paid,"מע""מ 0%"
1089794,Mailchimp ,16/09/2018,RECEIPT,20,USD,Paid,"מע""מ 0%"
1089795,Mailchimp ,04/09/2018,RECEIPT,20,USD,Paid,"מע""מ 0%"
1089796,Kaktus telecom limited,10/09/2018,INVOICE,2053.91,ILS,Unknown,"מע""מ 0%"
1089797,Keymetrics SAS,02/09/2018,INVOICE,65,USD,Unknown,"מע""מ 0%"
1089798,Kaktus telecom limited,24/09/2018,INVOICE,1582.2,ILS,Unknown,"מע""מ 0%"
1089799,Kaktus telecom limited,17/09/2018,INVOICE,1973.43,ILS,Unknown,"מע""מ 0%"
1089800,LeaseWeb Netherlands B.V,01/09/2018,INVOICE,361.12,USD,Unknown,"מע""מ 0%"
1089801,LeaseWeb Netherlands B.V,01/09/2018,INVOICE,678.65,USD,Unknown,"מע""מ 0%"
1089802,M2 מחשבים,06/09/2018,INVOICE,400,ILS,Paid,"חס - מע""מ מלא - תשומות ציוד"
1089813,Mailchimp ,26/09/2018,RECEIPT,20,USD,Paid,"מע""מ 0%"
1089814,Mailchimp ,19/09/2018,RECEIPT,20,USD,Paid,"מע""מ 0%"
1089815,Monday.com Ltd.,03/07/2018,INVOICE,96,USD,Paid,"מע""מ 0%"
1089816,Monday.com Ltd.,03/07/2018,INVOICE,96,USD,Paid,"מע""מ 0%"
1089817,Monday.com Ltd.,03/05/2018,INVOICE,96,USD,Paid,"מע""מ 0%"
1089818,Monday.com Ltd.,03/09/2018,INVOICE,96,USD,Paid,"מע""מ 0%"
1089819,Monday.com Ltd.,03/08/2018,INVOICE,96,USD,Paid,"מע""מ 0%"
1089820,Monday.com Ltd.,03/04/2018,INVOICE,96,USD,Paid,"מע""מ 0%"
1089821,Monday.com Ltd.,03/03/2018,INVOICE,96,USD,Paid,"מע""מ 0%"
1089822,"Palo Alto Software, Inc.",16/09/2018,INVOICE,19.95,USD,Paid,"מע""מ 0%"
1089833,TelServe,03/09/2018,INVOICE,1238.12,USD,Unknown,"מע""מ 0%"
1089834,PICREEL LTD,08/09/2018,RECEIPT,69,USD,Paid,"חס - מע""מ מלא"
1089835,Unfuddle LLC,20/09/2018,RECEIPT,69,USD,Paid,"מע""מ 0%"
1089837,Patreon,02/09/2018,RECEIPT,200,USD,Paid,"מע""מ 0%"
1089838,ReadonlyREST Security,14/09/2018,INVOICE,2673,USD,Unknown,"מע""מ 0%"
1089839,telemondo PTE.LTD ,30/09/2018,INVOICE,563.7,USD,Unknown,"מע""מ 0%"
1089840,telemondo PTE.LTD ,30/09/2018,INVOICE,8275.74,USD,Unknown,"מע""מ 0%"
1089841,telemondo PTE.LTD ,15/09/2018,INVOICE,11734.12,USD,Unknown,"מע""מ 0%"
1089842,telemondo PTE.LTD ,15/09/2018,INVOICE,643.67,USD,Unknown,"מע""מ 0%"
1089853,Xero (NZ) Ltd,09/09/2018,INVOICE,40,USD,Unknown,"מע""מ 0%"
1089854,WebEx Communications BV,21/09/2018,INVOICE,22.39,USD,Paid,"מע""מ 0%"
1089856,Voxbone SA ,03/09/2018,INVOICE,6500.6,USD,Unknown,"מע""מ 0%"
1089857,Ventatel Limited,17/09/2018,INVOICE,6165.34,USD,Unknown,"מע""מ 0%"
1089858,"אינטרספייס בע""מ",01/09/2018,INVOICE,1191.65,ILS,Paid,"חס - מע""מ מלא"
1089859,"פקס חוזר 2000 בע""מ",14/08/2018,INVOICE,3510,ILS,Unknown,"חס - מע""מ מלא"
1089860,Ventatel Limited,16/08/2018,INVOICE,5145.09,USD,Unknown,"מע""מ 0%"
1089861,"אור שי - סיטונאות חשמל בע""מ",23/09/2018,INVOICE,324,ILS,,"חס - מע""מ מלא"
1089862,"פקס חוזר 2000 בע""מ",27/08/2018,INVOICE,3510,ILS,Unknown,"חס - מע""מ מלא"
1089873,"פקס חוזר 2000 בע""מ",27/09/2018,INVOICE,3510,ILS,Unknown,"חס - מע""מ מלא"
1089874,"ארגוקום בע""מ",25/09/2018,INVOICE,732,ILS,Unknown,"חס - מע""מ מלא"
1089875,"ארגוקום בע""מ",25/09/2018,INVOICE,8047,ILS,Unknown,"חס - מע""מ מלא"
1089876,"ג'מס מפעלי בירה בע""מ",03/09/2018,INVOICE,2705,ILS,Unknown,"מע""מ 0%"
1089877,אסף רון,30/09/2018,INVOICE,7195.5,ILS,Unknown,"חס - מע""מ מלא"
1089878,"אמיר תזרים מזומנים בע""מ",11/09/2018,INVOICE,187.2,ILS,Unknown,"חס - מע""מ מלא"
1089879,"ביפר תקשורת בע""מ",16/09/2018,INVOICE,1447,ILS,Unknown,"חס - מע""מ מלא"
1089880,"בזק החברה הישראלית לתקשורת בע""מ",26/09/2018,INVOICE,786.64,ILS,Paid,"חס - מע""מ מלא"
1089882,"פקס חוזר 2000 בע""מ",06/09/2018,INVOICE,3510,ILS,Unknown,"חס - מע""מ מלא"
1089895,גימיקים מוצרי פרסום ,12/09/2018,INVOICE,21674,ILS,Paid,"חס - מע""מ מלא"
1089896,"הזעקה האחרונה שמירה ומיגון בע""מ",14/09/2018,INVOICE,61,ILS,Paid,"חס - מע""מ מלא"
1089897,"גט טראפיק בע""מ",10/09/2018,INVOICE,16180,ILS,,"חס - מע""מ מלא"
1089898," וואן סמבה פתרונות מחישוב ותקשורת בע""מ",02/09/2018,INVOICE,1615,ILS,,"חס - מע""מ מלא - תשומות ציוד"
1089899,"הוט מובייל בע""מ",30/09/2018,INVOICE,274.95,ILS,Unknown,"חס - מע""מ מלא"
1089900,הוט טלקום שותפות מוגבלת,30/09/2018,INVOICE,979750.09,ILS,Unknown,"חס - מע""מ מלא"
1089901,"הוט מובייל בע""מ",04/09/2018,INVOICE,5018.48,ILS,Paid,"חס - מע""מ מלא"
1089902,"הוט מובייל בע""מ",14/09/2018,INVOICE,1749.15,ILS,Unknown,"חס - מע""מ מלא"
1089913,"י.פרל ושות' בע""מ",05/09/2018,INVOICE,9203,ILS,,"חס - מע""מ מלא"
1089914,"ליסקאר רם בע""מ",20/08/2018,INVOICE,115.55,ILS,,"מע""מ 0%"
1089915,"ליסקאר רם בע""מ",20/08/2018,INVOICE,1667.03,ILS,,"מע""מ 0%"
1089916,כוכבית פלוס *8077,01/09/2018,INVOICE,678.6,ILS,,"חס - מע""מ מלא"
1089917,"לחמים – מאפייה ואספרסו בר בע""מ",06/09/2018,INVOICE,1710,ILS,Unknown,"מע""מ 0%"
1089918,"זיג זג שרותי דיוור ולוגיסטיקה בע""מ",30/09/2018,INVOICE,2261.6,ILS,Unknown,"חס - מע""מ מלא"
1089919,"ח.כ דלתא פתרונות פיננסיים בע""מ",16/09/2018,INVOICE,321.75,ILS,Paid,"חס - מע""מ מלא"
1089920,"טמפו שווק (1981) בע""מ",27/09/2018,INVOICE,1895.33,ILS,Paid,"מע""מ 0%"
1089921,"חיון מחשבים בע""מ",06/09/2018,INVOICE,20142.71,ILS,Unknown,"חס - מע""מ מלא - תשומות ציוד"
1089922,"חברת החשמל לישראל בע""מ",17/09/2018,INVOICE,5066.54,ILS,Paid,"חס - מע""מ מלא"
1089932,"ליסקאר רם בע""מ",20/09/2018,INVOICE,36.47,ILS,Unknown,"מע""מ 0%"
1089933,"ליסקאר רם בע""מ",06/09/2018,INVOICE,129.73,ILS,Unknown,"מע""מ 0%"
1089934,"ליסקאר רם בע""מ",12/09/2018,INVOICE,1676.13,ILS,Paid,"מע""מ 0%"
1089935,"ליסקאר רם בע""מ",20/09/2018,INVOICE,1714.46,ILS,Unknown,"מע""מ 0%"
1089937,"ליסקאר רם בע""מ",20/08/2018,INVOICE,2567.55,ILS,Paid,"מע""מ 0%"
1089938,"ליסקאר רם בע""מ",20/09/2018,INVOICE,1668.66,ILS,Paid,"מע""מ 0%"
1089939,"ליסקאר רם בע""מ",20/08/2018,INVOICE,343.06,ILS,Paid,"מע""מ 0%"
1089940,"ליסקאר רם בע""מ",12/09/2018,INVOICE,360.08,ILS,Paid,"מע""מ 0%"
1089941,"ליסקאר רם בע""מ",17/09/2018,INVOICE,97.13,ILS,Paid,"מע""מ 0%"
1089942,"ליסקאר רם בע""מ",20/08/2018,INVOICE,551.85,ILS,Unknown,"מע""מ 0%"
1089953,"מיטב ניקיון ואחזקה בע""מ",04/09/2018,INVOICE,5279.3,ILS,Unknown,"חס - מע""מ מלא"
1089954,"מיטב ניקיון ואחזקה בע""מ",04/09/2018,INVOICE,1381.5,ILS,Unknown,"חס - מע""מ מלא"
1089955,"ליסקאר רם בע""מ",20/09/2018,INVOICE,2570.08,ILS,Paid,"מע""מ 0%"
1089956,"ליסקאר רם בע""מ",20/09/2018,INVOICE,552.48,ILS,Unknown,"מע""מ 0%"
1089957,"ממסרית השקעות ופיננסים בע""מ",13/09/2018,INVOICE,7605,ILS,Unknown,"חס - מע""מ מלא"
1089958,"מיטב ניקיון ואחזקה בע""מ",04/09/2018,INVOICE,1640.6,ILS,Unknown,"חס - מע""מ מלא"
1089959," מד 1 אי.סי.-1 (1999) בע""מ",30/09/2018,INVOICE,5934.1,ILS,Unknown,"חס - מע""מ מלא"
1089960,"מהלב המרכז הישראלי לנגישות בתקשורת בע""מ",12/09/2018,INVOICE,7488,ILS,Unknown,"חס - מע""מ מלא"
1089961,"013 נטוויז'ן בע""מ",27/08/2018,INVOICE,10.18,ILS,Unknown,"חס - מע""מ מלא"
1089966,"לסה ויז'ן בע""מ",20/09/2018,INVOICE,398,ILS,Paid,"חס - מע""מ מלא"
1089973,"פלאפון תקשורת בע""מ",21/09/2018,INVOICE,1109.76,ILS,Unknown,"חס - 2/3 מע""מ"
1089974,"פנגו פיי אנד גו בע""מ",03/07/2018,INVOICE,20,ILS,Paid,"חס - מע""מ מלא"
1089975,"פנגו פיי אנד גו בע""מ",26/06/2018,INVOICE,20,ILS,Paid,"חס - מע""מ מלא"
1089976,"פיין סנטר בע""מ",21/06/2018,INVOICE,20,ILS,Paid,"חס - מע""מ מלא"
1089977,פיס אוף קייק,27/09/2018,INVOICE,252.8,ILS,Paid,"מע""מ 0%"
1089978,PowerLink Software LTD,04/09/2018,INVOICE,13357,ILS,Paid,"חס - מע""מ מלא"
1089979,"פנגו פיי אנד גו בע""מ",04/07/2018,INVOICE,20,ILS,Paid,"חס - מע""מ מלא"
1089980,"013 נטוויז'ן בע""מ",03/10/2018,INVOICE,12.39,ILS,Unknown,"חס - מע""מ מלא"
1089981,"נספרסו ישראל בע""מ",07/10/2018,INVOICE,0,ILS,Unknown,"מע""מ 0%"
1089982," סלקום ישראל בע""מ",02/09/2018,INVOICE,150.54,ILS,Unknown,"חס - 2/3 מע""מ"
1089993,"פנגו פיי אנד גו בע""מ",10/07/2018,INVOICE,20,ILS,Paid,"חס - מע""מ מלא"
1089994,"פנגו פיי אנד גו בע""מ",11/07/2018,INVOICE,20,ILS,Paid,"חס - מע""מ מלא"
1089995,"פנגו פיי אנד גו בע""מ",30/07/2018,INVOICE,20,ILS,Paid,"חס - מע""מ מלא"
1089996,"פנגו פיי אנד גו בע""מ",29/07/2018,INVOICE,20,ILS,Paid,"חס - מע""מ מלא"
1089997,"פנגו פיי אנד גו בע""מ",31/07/2018,INVOICE,20,ILS,Paid,"חס - מע""מ מלא"
1089998,"פנגו פיי אנד גו בע""מ",27/08/2018,INVOICE,33,ILS,Paid,"חס - מע""מ מלא"
1089999,"פנגו פיי אנד גו בע""מ",05/07/2018,INVOICE,20,ILS,Paid,"חס - מע""מ מלא"
1090000,"פנגו פיי אנד גו בע""מ",13/09/2018,INVOICE,71,ILS,Paid,"חס - מע""מ מלא"
1090001,"פנגו פיי אנד גו בע""מ",08/07/2018,INVOICE,20,ILS,Paid,"חס - מע""מ מלא"
1090002,"פנגו פיי אנד גו בע""מ",09/07/2018,INVOICE,20,ILS,Paid,"חס - מע""מ מלא"
1090013,"פנגו פיי אנד גו בע""מ",25/09/2018,INVOICE,20,ILS,Paid,"חס - מע""מ מלא"
1090014,"פנגו פיי אנד גו בע""מ",25/09/2018,INVOICE,20,ILS,Paid,"חס - מע""מ מלא"